"title","length"
"Hyde Doctor",100
"Witches Panic",100
"Bilko Anonymous",100
"Behavior Runaway",100
"Punk Divorce",100
"Divine Resurrection",100
"Happiness United",100
"Pirates Roxanne",100
"Flatliners Killer",100
"Gun Bonnie",100
"Deliverance Mulholland",100
"Wyoming Storm",100
"Patient Sister",99
"Darkness War",99
"Sabrina Midnight",99
"Pet Haunting",99
"Perdition Fargo",99
"Armageddon Lost",99
"Tenenbaums Command",99
"French Holiday",99
"Feud Frogmen",98
"Prejudice Oleander",98
"Lost Bird",98
"Earring Instinct",98
"Sensibility Rear",98
"Wisdom Worker",98
"Madre Gables",98
"Bound Cheaper",98
"Rear Trading",97
"Invasion Cyclone",97
"Lucky Flying",97
"Expendable Stallion",97
"Drums Dynamite",96
"Early Home",96
"Clueless Bucket",95
"Horn Working",95
"Full Flatliners",94
"Alice Fantasia",94
"Stone Fire",94
"Disturbing Scarface",94
"Greatest North",93
"Goldfinger Sensibility",93
"Bill Others",93
"Sting Personal",93
"Suicides Silence",93
"Shane Darkness",93
"Panky Submarine",93
"Hills Neighbors",93
"Kane Exorcist",92
"Apache Divine",92
"Opposite Necklace",92
"Anaconda Confessions",92
"Sundance Invasion",92
"Caribbean Liberty",92
"Encounters Curtain",92
"Core Suit",92
"Truman Crazy",92
"National Story",92
"Mystic Truman",92
"Titans Jerk",91
"Fight Jawbreaker",91
"Tarzan Videotape",91
"Fatal Haunted",91
"License Weekend",91
"Anthem Luke",91
"Forward Temple",90
"Circus Youth",90
"Vertigo Northwest",90
"Secret Groundhog",90
"Basic Easy",90
"Butterfly Chocolat",89
"Dares Pluto",89
"Beast Hunchback",89
"Pulp Beverly",89
"Gleaming Jawbreaker",89
"Roots Remember",89
"Purple Movie",88
"Details Packer",88
"Holy Tadpole",88
"Terminator Club",88
"Sleuth Orient",87
"Bang Kwai",87
"Cheaper Clyde",87
"Congeniality Quest",87
"Devil Desire",87
"Treatment Jekyll",87
"Midnight Westward",86
"Annie Identity",86
"Gandhi Kwai",86
"Yentl Idaho",86
"Academy Dinosaur",86
"Grail Frankenstein",85
"Wasteland Divine",85
"Ghost Groundhog",85
"Canyon Stock",85
"Casablanca Super",85
"Stage World",85
"Amistad Midsummer",85
"Window Side",85
"Oz Liaisons",85
"Varsity Trip",85
"Blackout Private",85
"Lola Agent",85
"Beverly Outlaw",85
"Earth Vision",85
"Wonka Sea",85
"Egypt Tenenbaums",85
"Ending Crowds",85
"Guys Falcon",84
"High Encino",84
"Daisy Menagerie",84
"Pluto Oleander",84
"Packer Madigan",84
"Savannah Town",84
"Uptown Young",84
"Sling Luke",84
"Jeepers Wedding",84
"Island Exorcist",84
"Gone Trouble",84
"Idols Snatchers",84
"Honey Ties",84
"Attraction Newton",83
"Fugitive Maguire",83
"Hustler Party",83
"Warlock Werewolf",83
"None Spiking",83
"Moon Bunch",83
"Alone Trip",82
"Reign Gentlemen",82
"Anything Savannah",82
"Tycoon Gathering",82
"Raiders Antitrust",82
"Perfect Groove",82
"Frost Head",82
"Desperate Trainspotting",81
"Clash Freddy",81
"Roman Punk",81
"Meet Chocolate",80
"Flamingos Connecticut",80
"Sea Virgin",80
"War Notting",80
"Peak Forever",80
"Turn Star",80
"Garden Island",80
"Saddle Antitrust",80
"Shawshank Bubble",80
"Loser Hustler",80
"Spiking Element",79
"Werewolf Lola",79
"Shock Cabin",79
"Amelie Hellfighters",79
"Ishtar Rocketeer",79
"Moulin Wake",79
"Unfaithful Kill",78
"Voyage Legally",78
"Watch Tracy",78
"Holiday Games",78
"Insider Arizona",78
"Language Cowboy",78
"Enemy Odds",77
"Fellowship Autumn",77
"Berets Agent",77
"Memento Zoolander",77
"Pickup Driving",77
"Mod Secretary",77
"Comforts Rush",76
"Villain Desperate",76
"Haunted Antitrust",76
"Desire Alien",76
"Destination Jerk",76
"Boondock Ballroom",76
"Orange Grapes",76
"Lover Truman",75
"California Birds",75
"Satisfaction Confidential",75
"Fiddler Lost",75
"Newton Labyrinth",75
"Network Peak",75
"Hellfighters Sierra",75
"Wizard Coldblooded",75
"Balloon Homeward",75
"Stampede Disturbing",75
"Maguire Apache",74
"Teen Apollo",74
"Informer Double",74
"Working Microcosmos",74
"Rainbow Shock",74
"Jumping Wrath",74
"Pearl Destiny",74
"Snatchers Montezuma",74
"Modern Dorado",74
"Luke Mummy",74
"Silverado Goldfinger",74
"Angels Life",74
"Random Go",73
"Valley Packer",73
"Godfather Diary",73
"Streetcar Intentions",73
"Bedazzled Married",73
"Rebel Airport",73
"Musketeers Wait",73
"Bright Encounters",73
"Salute Apollo",73
"Brotherhood Blanket",73
"Wake Jaws",73
"Frida Slipper",73
"Hardly Robbers",72
"Fiction Christmas",72
"Maude Mod",72
"Bowfinger Gables",72
"Chariots Conspiracy",71
"Train Bunch",71
"Princess Giant",71
"Temple Attraction",71
"Blood Argonauts",71
"Knock Warlock",71
"Mannequin Worst",71
"Coldblooded Darling",70
"Louisiana Harry",70
"Chance Resurrection",70
"Candidate Perdition",70
"Wedding Apollo",70
"Clue Grail",70
"Gunfight Moon",70
"Cruelty Unforgiven",69
"Flying Hook",69
"Hollywood Anonymous",69
"Timberland Sky",69
"Head Stranger",69
"Lebowski Soldiers",69
"Doom Dancing",68
"Tomatoes Hellfighters",68
"Human Graffiti",68
"Ark Ridgemont",68
"Divide Monster",68
"Lonely Elephant",67
"Butch Panther",67
"Lady Stage",67
"Silence Kane",67
"Shootist Superfly",67
"Egg Igby",67
"North Tequila",67
"Comancheros Enemy",67
"Charade Duffel",66
"Eve Resurrection",66
"Patriot Roman",65
"Confessions Maguire",65
"Freddy Storm",65
"Hunting Musketeers",65
"Club Graffiti",65
"Lovely Jingle",65
"Barbarella Streetcar",65
"Desert Poseidon",64
"Victory Academy",64
"Craft Outfield",64
"Trip Newton",64
"Mile Mulan",64
"Metropolis Coma",64
"Sleepless Monsoon",64
"Taxi Kick",64
"Novocaine Flight",64
"Reunion Witches",63
"Aladdin Calendar",63
"Bonnie Holocaust",63
"Borrowers Bedazzled",63
"Boulevard Mob",63
"Bunch Minds",63
"Dinosaur Secretary",63
"Forrest Sons",63
"Intolerable Intentions",63
"Airplane Sierra",62
"Snowman Rollercoaster",62
"Mars Roman",62
"Arabia Dogma",62
"Hanging Deep",62
"Unbreakable Karate",62
"Birds Perdition",61
"Reservoir Adaptation",61
"Bulworth Commandments",61
"Waterfront Deliverance",61
"Polish Brooklyn",61
"Chinatown Gladiator",61
"Drifter Commandments",61
"Cassidy Wyoming",61
"Camelot Vacation",61
"Trouble Date",61
"Mockingbird Hollywood",60
"Room Roman",60
"Pity Bound",60
"Phantom Glory",60
"Bubble Grosse",60
"Shakespeare Saddle",60
"Smile Earring",60
"Jersey Sassy",60
"Minority Kiss",59
"Jet Neighbors",59
"Vision Torque",59
"Commandments Express",59
"Interview Liaisons",59
"Legend Jedi",59
"Daughter Madigan",59
"Heartbreakers Bright",59
"Whisperer Giant",59
"Fantasy Troopers",58
"Closer Bang",58
"Dances None",58
"Oklahoma Jumanji",58
"Jekyll Frogmen",58
"Super Wyoming",58
"Rings Heartbreakers",58
"Noon Papi",57
"Dawn Pond",57
"Doctor Grail",57
"Alter Victory",57
"Mosquito Armageddon",57
"Storm Happiness",57
"Cranes Reservoir",57
"Goodfellas Salute",56
"Matrix Snowman",56
"Destiny Saturday",56
"Cupboard Sinners",56
"Bride Intrigue",56
"Coast Rainbow",55
"Wolves Desire",55
"Juggler Hardly",54
"Kill Brotherhood",54
"October Submarine",54
"Go Purple",54
"Sense Greek",54
"Airport Pollock",54
"Cabin Flash",53
"Movie Shakespeare",53
"Beneath Rush",53
"Gump Date",53
"Summer Scarface",53
"Thin Sagebrush",53
"Tequila Past",53
"Primary Glass",53
"Magnificent Chitty",53
"Harper Dying",52
"Lust Lock",52
"Westward Seabiscuit",52
"Trojan Tomorrow",52
"Caddyshack Jedi",52
"Side Ark",52
"Spartacus Cheaper",52
"Champion Flatliners",51
"English Bulworth",51
"Hall Cassidy",51
"Deep Crusade",51
"Simon North",51
"Excitement Eve",51
"Frisco Forrest",51
"Blues Instinct",50
"Natural Stock",50
"Muppet Mile",50
"Lion Uncut",50
"Pilot Hoosiers",50
"Smoking Barbarella",50
"Crossing Divorce",50
"Adaptation Holes",50
"Zorro Ark",50
