"film_id","title"
1,"Academy Dinosaur"
6,"Agent Truman"
12,"Alaska Phantom"
13,"Ali Forever"
19,"Amadeus Holy"
37,"Arizona Bang"
41,"Arsenic Independence"
63,"Bedazzled Married"
65,"Behavior Runaway"
72,"Bill Others"
74,"Birch Antitrust"
78,"Blackout Private"
84,"Boiled Dares"
88,"Born Spinal"
91,"Bound Cheaper"
93,"Brannigan Sunrise"
99,"Bringing Hysterical"
103,"Bucket Brotherhood"
121,"Carol Texas"
122,"Carrie Bunch"
131,"Center Dinosaur"
132,"Chainsaw Uptown"
134,"Champion Flatliners"
137,"Charade Duffel"
139,"Chasing Fight"
142,"Chicken Hellfighters"
143,"Chill Luck"
144,"Chinatown Gladiator"
150,"Cider Desire"
164,"Coast Rainbow"
185,"Cowboy Doom"
188,"Crazy Home"
194,"Crow Grease"
201,"Cyclone Family"
204,"Dalmations Sweden"
207,"Dangerous Uptown"
215,"Dawn Pond"
233,"Disciple Mother"
252,"Dream Pickup"
258,"Drums Dynamite"
265,"Dying Maker"
273,"Effect Gladiator"
274,"Egg Igby"
275,"Egypt Tenenbaums"
290,"Everyone Craft"
295,"Expendable Stallion"
305,"Fatal Haunted"
308,"Ferris Mother"
311,"Fiction Christmas"
317,"Fireball Philadelphia"
327,"Fool Mockingbird"
336,"French Holiday"
338,"Frisco Forrest"
341,"Frost Head"
343,"Full Flatliners"
345,"Gables Metropolis"
351,"Gaslight Crusade"
359,"Gladiator Westward"
369,"Goodfellas Salute"
374,"Graffiti Love"
380,"Greek Everyone"
382,"Grit Clockwork"
404,"Hate Handicap"
410,"Heaven Freedom"
414,"Hellfighters Sierra"
420,"Holes Brannigan"
423,"Hollywood Anonymous"
433,"Horn Working"
443,"Hurricane Affair"
446,"Hysterical Grail"
463,"Instinct Airport"
468,"Invasion Cyclone"
469,"Iron Moon"
477,"Jawbreaker Brooklyn"
479,"Jedi Beneath"
481,"Jekyll Frogmen"
485,"Jersey Sassy"
495,"Kentuckian Giant"
506,"Lady Stage"
515,"Legally Secretary"
516,"Legend Jedi"
518,"Liaisons Sweet"
524,"Lion Uncut"
527,"Lola Agent"
532,"Loser Hustler"
536,"Lovely Jingle"
547,"Magic Mallrats"
551,"Maiden Home"
552,"Majestic Floats"
555,"Mallrats United"
557,"Manchurian Curtain"
564,"Massage Image"
576,"Mighty Luck"
577,"Mile Mulan"
586,"Mockingbird Hollywood"
589,"Modern Dorado"
590,"Money Harold"
591,"Monsoon Cause"
592,"Monster Spartacus"
595,"Moon Bunch"
600,"Motions Details"
602,"Mourning Purple"
603,"Movie Shakespeare"
605,"Mulholland Beast"
607,"Muppet Mile"
608,"Murder Antitrust"
611,"Musketeers Wait"
618,"Necklace Outbreak"
623,"Newton Labyrinth"
624,"Nightmare Chill"
628,"Northwest Polish"
635,"Oklahoma Jumanji"
636,"Oleander Clue"
637,"Open African"
639,"Opposite Necklace"
644,"Oscar Gold"
645,"Others Soup"
656,"Papi Necklace"
660,"Party Knock"
662,"Paths Control"
664,"Patriot Roman"
665,"Patton Interview"
668,"Peak Forever"
670,"Pelican Comforts"
674,"Pet Haunting"
679,"Pilot Hoosiers"
680,"Pinocchio Simon"
681,"Pirates Roxanne"
688,"Polish Brooklyn"
689,"Pollock Deliverance"
693,"Potter Connecticut"
695,"President Bang"
699,"Private Drop"
703,"Punk Divorce"
706,"Queen Luke"
713,"Rainbow Shock"
715,"Range Moonwalker"
719,"Records Zorro"
727,"Resurrection Silverado"
729,"Rider Caddyshack"
743,"Room Roman"
753,"Rush Goodfellas"
755,"Sabrina Midnight"
761,"Santa Paris"
772,"Sea Virgin"
776,"Secret Groundhog"
777,"Secretary Rouge"
780,"Sensibility Rear"
783,"Shane Darkness"
784,"Shanghai Tycoon"
785,"Shawshank Bubble"
798,"Silverado Goldfinger"
802,"Sky Miracle"
806,"Sleepy Japanese"
810,"Slums Duck"
814,"Snatch Slipper"
832,"Splash Gump"
836,"Squad Fish"
837,"Stage World"
841,"Star Operation"
844,"Steers Armageddon"
847,"Stock Glass"
859,"Sugar Wonka"
867,"Super Wyoming"
868,"Superfly Trip"
869,"Suspects Quills"
871,"Sweden Shining"
874,"Tadpole Park"
875,"Talented Homicide"
879,"Telegraph Voyage"
881,"Temple Attraction"
883,"Tequila Past"
893,"Titans Jerk"
894,"Tomatoes Hellfighters"
896,"Tootsie Pilot"
902,"Trading Pinocchio"
906,"Tramp Others"
910,"Treatment Jekyll"
912,"Trojan Tomorrow"
914,"Trouble Date"
918,"Twisted Pirates"
924,"Unforgiven Zoolander"
928,"Uptown Young"
950,"Volume House"
952,"Wagon Jaws"
955,"Walls Artist"
962,"Wasteland Divine"
963,"Watch Tracy"
966,"Wedding Apollo"
980,"Wizard Coldblooded"
983,"Won Dares"
985,"Wonderland Christmas"
987,"Words Hunter"
991,"Worst Banger"
